Rk,Player,Tm,Salary,,,,,,,-9999
1,Stephen Curry,GSW,$51915615,,,,,,,curryst01
2,Kevin Durant,PHO,$47649433,,,,,,,duranke01
3,Nikola Jokić,DEN,$47607350,,,,,,,jokicni01
4,Joel Embiid,PHI,$47607350,,,,,,,embiijo01
5,LeBron James,LAL,$47607350,,,,,,,jamesle01
6,Bradley Beal,PHO,$46741590,,,,,,,bealbr01
7,Giannis Antetokounmpo,MIL,$45640084,,,,,,,antetgi01
8,Kawhi Leonard,LAC,$45640084,,,,,,,leonaka01
9,Damian Lillard,MIL,$45640084,,,,,,,lillada01
10,Paul George,LAC,$45640084,,,,,,,georgpa01
11,Jimmy Butler,MIA,$45183960,,,,,,,butleji01
12,Klay Thompson,GSW,$43219440,,,,,,,thompkl01
13,Rudy Gobert,MIN,$41000000,,,,,,,goberru01
14,Fred VanVleet,HOU,$40806300,,,,,,,vanvlfr01
15,Anthony Davis,LAL,$40600080,,,,,,,davisan02
16,Trae Young,ATL,$40064220,,,,,,,youngtr01
17,Luka Dončić,DAL,$40064220,,,,,,,doncilu01
18,Zach LaVine,CHI,$40064220,,,,,,,lavinza01
19,Tobias Harris,PHI,$39270150,,,,,,,harrito02
20,Ben Simmons,BRK,$37893408,,,,,,,simmobe01
21,Pascal Siakam,IND,$37893408,,,,,,,siakapa01
22,Kyrie Irving,DAL,$37037037,,,,,,,irvinky01
23,Jrue Holiday,BOS,$36861707,,,,,,,holidjr01
24,Devin Booker,PHO,$36016200,,,,,,,bookede01
25,Karl-Anthony Towns,MIN,$36016200,,,,,,,townska01
26,Kristaps Porziņģis,BOS,$36016200,,,,,,,porzikr01
27,CJ McCollum,NOP,$35802469,,,,,,,mccolcj01
28,James Harden,LAC,$35640000,,,,,,,hardeja01
29,Zion Williamson,NOP,$34005250,,,,,,,willizi01
30,Ja Morant,MEM,$34005250,,,,,,,moranja01
31,Darius Garland,CLE,$34005250,,,,,,,garlada01
32,Brandon Ingram,NOP,$33833400,,,,,,,ingrabr01
33,Jamal Murray,DEN,$33833400,,,,,,,murraja01
34,Shai Gilgeous-Alexander,OKC,$33386850,,,,,,,gilgesh01
35,Michael Porter Jr.,DEN,$33386850,,,,,,,portemi01
36,Donovan Mitchell,CLE,$33162030,,,,,,,mitchdo01
37,De'Aaron Fox,SAC,$32600060,,,,,,,foxde01
38,Bam Adebayo,MIA,$32600060,,,,,,,adebaba01
39,Jayson Tatum,BOS,$32600060,,,,,,,tatumja01
40,Deandre Ayton,POR,$32459438,,,,,,,aytonde01
41,Jaylen Brown,BOS,$31830357,,,,,,,brownja02
42,Gordon Hayward,OKC,$31500000,,,,,,,haywago01
43,Chris Paul,GSW,$30800000,,,,,,,paulch01
44,Domantas Sabonis,SAC,$30600000,,,,,,,sabondo01
45,Kyle Lowry,CHO,$29682540,,,,,,,lowryky01
46,Khris Middleton,MIL,$29320988,,,,,,,middlkh01
47,DeMar DeRozan,CHI,$28600000,,,,,,,derozde01
48,Julius Randle,NYK,$28226880,,,,,,,randlju01
49,Jerami Grant,POR,$27586207,,,,,,,grantje01
50,Jordan Poole,WAS,$27455357,,,,,,,poolejo01
51,Jaren Jackson Jr.,MEM,$27102202,,,,,,,jacksja02
52,Tyler Herro,MIA,$27000000,,,,,,,herroty01
53,Jalen Brunson,NYK,$26346666,,,,,,,brunsja01
54,Cameron Johnson,BRK,$25679348,,,,,,,johnsca02
55,Kyle Kuzma,WAS,$25568182,,,,,,,kuzmaky01
56,John Collins,UTA,$25340000,,,,,,,collijo01
57,Brook Lopez,MIL,$25000000,,,,,,,lopezbr01
58,Mike Conley,MIN,$24360000,,,,,,,conlemi01
59,Andrew Wiggins,GSW,$24330357,,,,,,,wiggian01
60,Anfernee Simons,POR,$24107143,,,,,,,simonan01
61,RJ Barrett,TOR,$23883929,,,,,,,barrerj01
62,Jordan Clarkson,UTA,$23487629,,,,,,,clarkjo01
63,Terry Rozier,MIA,$23205221,,,,,,,roziete01
64,Dillon Brooks,HOU,$22627671,,,,,,,brookdi01
65,Malcolm Brogdon,POR,$22500000,,,,,,,brogdma01
66,Draymond Green,GSW,$22321429,,,,,,,greendr01
67,Aaron Gordon,DEN,$22266182,,,,,,,gordoaa01
68,Bruce Brown,TOR,$22000000,,,,,,,brownbr01
69,Mikal Bridges,BRK,$21700000,,,,,,,bridgmi01
70,Myles Turner,IND,$20975000,,,,,,,turnemy01
71,Clint Capela,ATL,$20616000,,,,,,,capelca01
72,Lonzo Ball,CHI,$20465117,,,,,,,balllo01
73,Spencer Dinwiddie,TOR,$21911797,,,,,,,dinwisp01
74,De'Andre Hunter,ATL,$20089286,,,,,,,huntede01
75,Keldon Johnson,SAS,$20000000,,,,,,,johnske04
76,Jarrett Allen,CLE,$20000000,,,,,,,allenja01
77,Bojan Bogdanović,NYK,$20000000,,,,,,,bogdabo02
78,Joe Harris,DET,$19928571,,,,,,,harrijo01
79,Jakob Poeltl,TOR,$19500000,,,,,,,poeltja01
80,Buddy Hield,PHI,$19279841,,,,,,,hieldbu01
81,Evan Fournier,DET,$18857143,,,,,,,fournev01
82,Marcus Smart,MEM,$18833713,,,,,,,smartma01
83,Bogdan Bogdanović,ATL,$18700000,,,,,,,bogdabo01
84,OG Anunoby,NYK,$18642857,,,,,,,anunoog01
85,Gary Trent Jr.,TOR,$18560000,,,,,,,trentga02
86,Nikola Vučević,CHI,$18518519,,,,,,,vucevni01
87,Derrick White,BOS,$18357143,,,,,,,whitede01
88,Dejounte Murray,ATL,$18214000,,,,,,,murrade01
89,Duncan Robinson,MIA,$18154000,,,,,,,robindu01
90,Norman Powell,LAC,$18000000,,,,,,,powelno01
91,Tim Hardaway Jr.,DAL,$17897728,,,,,,,hardati02
92,Jonathan Isaac,ORL,$17400000,,,,,,,isaacjo01
93,Collin Sexton,UTA,$17325000,,,,,,,sextoco01
94,D'Angelo Russell,LAL,$17307693,,,,,,,russeda01
95,Lauri Markkanen,UTA,$17259999,,,,,,,markkla01
96,Marcus Morris,SAS,$17116279,,,,,,,morrima03
97,Harrison Barnes,SAC,$17000000,,,,,,,barneha02
98,Dāvis Bertāns,CHO,$17000000,,,,,,,bertada01
99,Markelle Fultz,ORL,$17000000,,,,,,,fultzma01
100,Jusuf Nurkić,PHO,$16875000,,,,,,,nurkiju01
101,P.J. Washington,DAL,$16847826,,,,,,,washipj01
102,Kevin Porter Jr.,OKC,$15860000,,,,,,,porteke02
103,Rui Hachimura,LAL,$15740741,,,,,,,hachiru01
104,Mitchell Robinson,NYK,$15681818,,,,,,,robinmi01
105,Kevin Huerter,SAC,$15669643,,,,,,,huertke01
106,Jonas Valančiūnas,NOP,$15435000,,,,,,,valanjo01
107,Caris LeVert,CLE,$15384616,,,,,,,leverca01
108,Luguentz Dort,OKC,$15277778,,,,,,,dortlu01
109,Luke Kennard,MEM,$14763636,,,,,,,kennalu01
110,Kentavious Caldwell-Pope,DEN,$14704938,,,,,,,caldwke01
111,Max Strus,CLE,$14487684,,,,,,,strusma01
112,Tyus Jones,WAS,$14000000,,,,,,,jonesty01
113,Dorian Finney-Smith,BRK,$13932008,,,,,,,finnedo01
114,Doug McDermott,IND,$13750000,,,,,,,mcderdo01
115,Anthony Edwards,MIN,$13534817,,,,,,,edwaran01
116,Wendell Carter Jr.,ORL,$13050000,,,,,,,cartewe01
117,Gary Harris,ORL,$13000000,,,,,,,harriga01
118,Josh Hart,NYK,$12960000,,,,,,,hartjo01
119,Naz Reid,MIN,$12950400,,,,,,,reidna01
120,Steven Adams,HOU,$12600000,,,,,,,adamsst01
121,Brandon Clarke,MEM,$12500000,,,,,,,clarkbr01
122,Marvin Bagley III,WAS,$12500000,,,,,,,baglema01
123,Grant Williams,CHO,$12405000,,,,,,,willigr01
124,Dennis Schröder,BRK,$12405000,,,,,,,schrode01
125,Daniel Gafford,DAL,$12402000,,,,,,,gaffoda01
126,Kelly Olynyk,TOR,$12195122,,,,,,,olynyke01
127,Victor Wembanyama,SAS,$12160680,,,,,,,wembavi01
128,James Wiseman,DET,$12119440,,,,,,,wisemja01
129,Devonte' Graham,SAS,$12100000,,,,,,,grahade01
130,Richaun Holmes,WAS,$12046020,,,,,,,holmeri01
131,Herbert Jones,NOP,$12015150,,,,,,,joneshe01
132,Austin Reaves,LAL,$12015150,,,,,,,reaveau01
133,Chris Boucher,TOR,$11750000,,,,,,,bouchch01
134,Bobby Portis,MIL,$11710818,,,,,,,portibo01
135,Nicolas Batum,PHI,$11710818,,,,,,,batumni01
136,Robert Covington,PHI,$11692308,,,,,,,covinro01
137,Paolo Banchero,ORL,$11608080,,,,,,,banchpa01
138,Robert Williams,POR,$11571429,,,,,,,williro04
139,Coby White,CHI,$11111111,,,,,,,whiteco01
140,Cade Cunningham,DET,$11055360,,,,,,,cunnica01
141,Talen Horton-Tucker,UTA,$11020000,,,,,,,hortota01
142,P.J. Tucker,LAC,$11014500,,,,,,,tuckepj01
143,Reggie Bullock,SAS,$13033786,,,,,,,bullore01
144,Maxi Kleber,DAL,$11000000,,,,,,,klebima01
145,Joe Ingles,ORL,$11000000,,,,,,,inglejo01
146,Ivica Zubac,LAC,$10933333,,,,,,,zubaciv01
147,LaMelo Ball,CHO,$10900635,,,,,,,ballla01
148,Donte DiVincenzo,NYK,$10900000,,,,,,,divindo01
149,Brandon Miller,CHO,$10880400,,,,,,,millebr02
150,Terance Mann,LAC,$10576923,,,,,,,mannte01
151,Gabe Vincent,LAL,$10500000,,,,,,,vincega01
152,Matisse Thybulle,POR,$10500000,,,,,,,thybuma01
153,Alec Burks,NYK,$10489600,,,,,,,burksal01
154,Chet Holmgren,OKC,$10386000,,,,,,,holmgch01
155,Larry Nance Jr.,NOP,$10375000,,,,,,,nancela02
156,Landry Shamet,WAS,$10250000,,,,,,,shamela01
157,Al Horford,BOS,$10000000,,,,,,,horfoal01
158,Malik Monk,SAC,$9945830,,,,,,,monkma01
159,Tre Jones,SAS,$9895833,,,,,,,jonestr01
160,Jalen Green,HOU,$9891480,,,,,,,greenja05
161,Patrick Williams,CHI,$9835881,,,,,,,willipa01
162,Monte Morris,MIN,$9800926,,,,,,,morrimo01
163,Scoot Henderson,POR,$9770880,,,,,,,hendesc01
164,Nic Claxton,BRK,$9625000,,,,,,,claxtni01
165,Jeff Green,HOU,$9600000,,,,,,,greenje02
166,Royce O'Neale,PHO,$9500000,,,,,,,onealro01
167,Alex Caruso,CHI,$9460000,,,,,,,carusal01
168,Victor Oladipo,MEM,$9450000,,,,,,,oladivi01
169,Pat Connaughton,MIL,$9423869,,,,,,,connapa01
170,Jabari Smith Jr.,HOU,$9326520,,,,,,,smithja05
171,Isaiah Hartenstein,NYK,$9245121,,,,,,,harteis01
172,Kyle Anderson,MIN,$9219512,,,,,,,anderky01
173,Grayson Allen,PHO,$8925000,,,,,,,allengr01
174,Isaac Okoro,CLE,$8920795,,,,,,,okorois01
175,Evan Mobley,CLE,$8882640,,,,,,,mobleev01
176,Amen Thompson,HOU,$8809320,,,,,,,thompam01
177,Georges Niang,CLE,$8800000,,,,,,,niangge01
178,Gary Payton II,GSW,$8715000,,,,,,,paytoga02
179,T.J. McConnell,IND,$8700000,,,,,,,mccontj01
180,Keegan Murray,SAC,$8409000,,,,,,,murrake02
181,Delon Wright,WAS,$8195122,,,,,,,wrighde01
182,Onyeka Okongwu,ATL,$8109063,,,,,,,okongon01
183,Scottie Barnes,TOR,$8008680,,,,,,,barnesc01
184,Jock Landale,HOU,$8000000,,,,,,,landajo01
185,Trey Lyles,SAC,$8000000,,,,,,,lylestr01
186,De'Anthony Melton,PHI,$8000000,,,,,,,meltode01
187,Moritz Wagner,ORL,$8000000,,,,,,,wagnemo01
188,Thaddeus Young,BRK,$8000000,,,,,,,youngth01
189,Ausar Thompson,DET,$7977480,,,,,,,thompau01
190,Miles Bridges,CHO,$7921300,,,,,,,bridgmi02
191,Vasilije Micić,CHO,$7723000,,,,,,,micicva01
192,Paul Reed,PHI,$7723000,,,,,,,reedpa01
193,Zach Collins,SAS,$7700000,,,,,,,colliza01
194,Jaden Ivey,DET,$7614480,,,,,,,iveyja01
195,Cody Martin,CHO,$7560000,,,,,,,martico01
196,Kevon Looney,GSW,$7500000,,,,,,,looneke01
197,Killian Hayes,DET,$7413955,,,,,,,hayeski01
198,Jalen Suggs,ORL,$7252080,,,,,,,suggsja01
199,Anthony Black,ORL,$7245480,,,,,,,blackan01
200,Khem Birch,SAS,$6985000,,,,,,,birchkh01
201,Daniel Theis,IND,$8670002,,,,,,,theisda01
202,Bennedict Mathurin,IND,$6916080,,,,,,,mathube01
203,Obi Toppin,IND,$6803012,,,,,,,toppiob01
204,Caleb Martin,MIA,$6802950,,,,,,,martica02
205,John Wall,HOU,$6802950,,,,,,,walljo01
206,Danilo Gallinari,DET,$6802950,,,,,,,gallida01
207,Patty Mills,ATL,$6802950,,,,,,,millspa02
208,Cedi Osman,SAS,$6718842,,,,,,,osmande01
209,Bilal Coulibaly,WAS,$6614280,,,,,,,coulibi01
210,Josh Giddey,OKC,$6587040,,,,,,,giddejo01
211,Cameron Payne,SAS,$8519706,,,,,,,payneca01
212,Jae'Sean Tate,HOU,$6500000,,,,,,,tateja01
213,Ayo Dosunmu,CHI,$6481482,,,,,,,dosunay01
214,Rudy Gay,OKC,,,,,,,,gayru01
215,Sasha Vezenkov,SAC,$6341464,,,,,,,vezenal01
216,Shaedon Sharpe,POR,$6313800,,,,,,,sharpsh01
217,Otto Porter Jr.,UTA,$6300000,,,,,,,porteot01
218,Deni Avdija,WAS,$6263188,,,,,,,avdijde01
219,Nassir Little,PHO,$6250000,,,,,,,littlna01
220,Jevon Carter,CHI,$6190476,,,,,,,carteje01
221,Kenrich Williams,OKC,$6175000,,,,,,,willike04
222,Jarace Walker,IND,$6059520,,,,,,,walkeja02
223,Jonathan Kuminga,GSW,$6012840,,,,,,,kuminjo01
224,Devin Vassell,SAS,$5887899,,,,,,,vassede01
225,Tyrese Haliburton,IND,$5808435,,,,,,,halibty01
226,Dyson Daniels,NOP,$5784120,,,,,,,daniedy01
227,Kira Lewis Jr.,UTA,$5722116,,,,,,,lewiski01
228,Dean Wade,CLE,$5709877,,,,,,,wadede01
229,Aaron Nesmith,IND,$5634257,,,,,,,nesmiaa01
230,Taylor Hendricks,UTA,$5569920,,,,,,,hendrita01
231,Cole Anthony,ORL,$5539771,,,,,,,anthoco01
232,Franz Wagner,ORL,$5508720,,,,,,,wagnefr01
233,Furkan Korkmaz,IND,$5370370,,,,,,,korkmfu01
234,Jeremy Sochan,SAS,$5316960,,,,,,,sochaje01
235,Cason Wallace,OKC,$5291400,,,,,,,wallaca01
236,Isaiah Stewart,DET,$5266713,,,,,,,stewais01
237,Chuma Okeke,ORL,$5266713,,,,,,,okekech01
238,Davion Mitchell,SAC,$5063640,,,,,,,mitchda01
239,Johnny Davis,WAS,$5050800,,,,,,,davisjo06
240,Jalen Smith,IND,$5043773,,,,,,,smithja04
241,Jett Howard,ORL,$5026800,,,,,,,howarje01
242,Aleksej Pokusevski,OKC,$5009633,,,,,,,pokusal01
243,Nick Richards,CHO,$5000000,,,,,,,richani01
244,Bismack Biyombo,MEM,$5754488,,,,,,,biyombi01
245,Mason Plumlee,LAC,$5000000,,,,,,,plumlma01
246,Shake Milton,DET,$5000000,,,,,,,miltosh01
247,Reggie Jackson,DEN,$5000000,,,,,,,jacksre01
248,Ziaire Williams,MEM,$4810200,,,,,,,willizi02
249,Ousmane Dieng,OKC,$4798440,,,,,,,diengou01
250,Dereck Lively II,DAL,$4775640,,,,,,,livelde01
251,Josh Green,DAL,$4765339,,,,,,,greenjo02
252,Jarred Vanderbilt,LAL,$4698000,,,,,,,vandeja01
253,Nickeil Alexander-Walker,MIN,$4687500,,,,,,,alexani01
254,James Bouknight,CHO,$4570080,,,,,,,bouknja01
255,Jalen Williams,OKC,$4558680,,,,,,,willija06
256,Saddiq Bey,ATL,$4556983,,,,,,,beysa01
257,Gradey Dick,TOR,$4536720,,,,,,,dickgr01
258,Jalen McDaniels,TOR,$4516000,,,,,,,mcdanja01
259,Taurean Prince,LAL,$4516000,,,,,,,princta02
260,Precious Achiuwa,NYK,$4379527,,,,,,,achiupr01
261,Tyrese Maxey,PHI,$4343920,,,,,,,maxeyty01
262,Joshua Primo,SAS,$6105941,,,,,,,primojo01
263,Jalen Duren,DET,$4330680,,,,,,,durenja01
264,Danuel House Jr.,DET,$4310250,,,,,,,houseda01
265,Jordan Hawkins,NOP,$4310160,,,,,,,hawkijo01
266,Zeke Nnaji,DEN,$4306281,,,,,,,nnajize01
267,Immanuel Quickley,TOR,$4171548,,,,,,,quickim01
268,Chris Duarte,SAC,$4124400,,,,,,,duartch01
269,Ochai Agbaji,TOR,$4114200,,,,,,,agbajoc01
270,Kobe Bufkin,ATL,$4094280,,,,,,,bufkiko01
271,Payton Pritchard,BOS,$4037277,,,,,,,pritcpa01
272,Dwight Powell,DAL,$4000000,,,,,,,poweldw01
273,Seth Curry,CHO,$4000000,,,,,,,curryse01
274,Troy Brown Jr.,DET,$4000000,,,,,,,browntr01
275,Moses Moody,GSW,$3918480,,,,,,,moodymo01
276,Mark Williams,CHO,$3908160,,,,,,,willima07
277,Jaden McDaniels,MIN,$3901399,,,,,,,mcdanja02
278,Keyonte George,UTA,$3889800,,,,,,,georgke01
279,Malachi Flynn,DET,$3873025,,,,,,,flynnma01
280,Desmond Bane,MEM,$3845083,,,,,,,banede01
281,Russell Westbrook,LAC,$3835738,,,,,,,westbru01
282,Kevin Love,MIA,$3835738,,,,,,,loveke01
283,Corey Kispert,WAS,$3722040,,,,,,,kispeco01
284,AJ Griffin,ATL,$3712920,,,,,,,griffaj01
285,Ricky Rubio,CLE,$3695311,,,,,,,rubiori01
286,Jalen Hood-Schifino,LAL,$3695040,,,,,,,hoodsja01
287,Amir Coffey,LAC,$3666667,,,,,,,coffeam01
288,Alperen Sengun,HOU,$3536280,,,,,,,sengual01
289,Tari Eason,HOU,$3527160,,,,,,,easonta01
290,Jaime Jaquez Jr.,MIA,$3510600,,,,,,,jaqueja01
291,Mike Muscala,DET,$3500000,,,,,,,muscami01
292,Andre Drummond,CHI,$3360000,,,,,,,drumman01
293,Derrick Jones Jr.,CHI,$5379706,,,,,,,jonesde02
294,Trey Murphy III,NOP,$3359280,,,,,,,murphtr02
295,Brandin Podziemski,GSW,$3352440,,,,,,,podzibr01
296,Dalen Terry,CHI,$3350760,,,,,,,terryda01
297,Cam Whitmore,HOU,$3218160,,,,,,,whitmca01
298,Jake LaRavia,MEM,$3199920,,,,,,,laravja01
299,Derrick Rose,MEM,$3196448,,,,,,,rosede01
300,Eric Gordon,PHO,$3196448,,,,,,,gordoer01
301,Tre Mann,CHO,$3191400,,,,,,,manntr01
302,Noah Clowney,BRK,$3089520,,,,,,,clownno01
303,Malaki Branham,SAS,$3071880,,,,,,,branhma01
304,Kai Jones,CHO,$3047880,,,,,,,joneska01
305,Simone Fontecchio,DET,$3044872,,,,,,,fontesi01
306,Jordan Nwora,TOR,$3000000,,,,,,,nworajo01
307,Julian Champagnie,SAS,$3000000,,,,,,,champju02
308,Dante Exum,DAL,$3000000,,,,,,,exumda01
309,Dariq Whitehead,BRK,$2966040,,,,,,,whiteda01
310,Christian Braun,DEN,$2949120,,,,,,,braunch01
311,Jalen Johnson,ATL,$2925360,,,,,,,johnsja05
312,Josh Richardson,MIA,$2891467,,,,,,,richajo01
313,Kris Murray,POR,$2847480,,,,,,,murrakr01
314,Andrew Nicholson,POR,$2844430,,,,,,,nichoan01
315,Walker Kessler,UTA,$2831160,,,,,,,kesslwa01
316,Josh Okogie,PHO,$2815937,,,,,,,okogijo01
317,Keon Johnson,PHO,$2808720,,,,,,,johnske07
318,Omer Yurtseven,UTA,$2800000,,,,,,,yurtsom01
319,Dewayne Dedmon,DET,$2748674,,,,,,,dedmode01
320,Olivier-Maxence Prosper,DAL,$2733720,,,,,,,prospol01
321,David Roddy,PHO,$2718240,,,,,,,roddyda01
322,Christian Wood,LAL,$2709849,,,,,,,woodch01
323,Isaiah Jackson,IND,$2696280,,,,,,,jacksis01
324,Marcus Sasser,DET,$2624040,,,,,,,sassema01
325,MarJon Beauchamp,MIL,$2609400,,,,,,,beaucma01
326,Charles Bassey,SAS,$2600000,,,,,,,bassech01
327,Usman Garuba,OKC,$2588400,,,,,,,garubus01
328,Damian Jones,CLE,$2586665,,,,,,,jonesda03
329,Kris Dunn,UTA,$2586665,,,,,,,dunnkr01
330,Bruno Fernando,ATL,$2581522,,,,,,,fernabr01
331,Ben Sheppard,IND,$2537160,,,,,,,sheppbe01
332,Thomas Bryant,MIA,$2528233,,,,,,,bryanth01
333,Torrey Craig,CHI,$2528233,,,,,,,craigto01
334,Damion Lee,PHO,$2528233,,,,,,,leeda03
335,Blake Wesley,SAS,$2504640,,,,,,,weslebl01
336,Josh Christopher,MEM,$2485200,,,,,,,chrisjo01
337,Nick Smith Jr.,CHO,$2463960,,,,,,,smithni01
338,Brice Sensabaugh,UTA,$2448600,,,,,,,sensabr01
339,Ty Jerome,CLE,$2439025,,,,,,,jeromty01
340,Julian Strawther,DEN,$2431080,,,,,,,strawju01
341,Wendell Moore Jr.,MIN,$2421720,,,,,,,moorewe01
342,Kobe Brown,LAC,$2413320,,,,,,,brownko01
343,Luke Kornet,BOS,$2413304,,,,,,,kornelu01
344,John Konchar,MEM,$2400000,,,,,,,konchjo01
345,Quentin Grimes,DET,$2385720,,,,,,,grimequ01
346,Nikola Jović,MIA,$2352000,,,,,,,jovicni01
347,JaVale McGee,DAL,$4368030,,,,,,,mcgeeja01
348,Drew Eubanks,PHO,$2346614,,,,,,,eubandr01
349,Keita Bates-Diop,BRK,$2346614,,,,,,,bateske01
350,Yuta Watanabe,MEM,$2346614,,,,,,,watanyu01
351,Patrick Baldwin Jr.,WAS,$2337720,,,,,,,baldwpa01
352,TyTy Washington Jr.,OKC,$2320440,,,,,,,washity02
353,Jordan McLaughlin,MIN,$2320000,,,,,,,mclaujo01
354,Bones Hyland,LAC,$2306400,,,,,,,hylanbo01
355,Peyton Watson,DEN,$2303520,,,,,,,watsope01
356,James Johnson,IND,$777703,,,,,,,johnsja01
357,Cam Thomas,BRK,$2240160,,,,,,,thomaca02
358,Vlatko Čančar,DEN,$2234359,,,,,,,cancavl01
359,Vince Williams Jr.,MEM,$2232308,,,,,,,willivi01
360,Jaden Springer,BOS,$2226240,,,,,,,sprinja01
361,Day'Ron Sharpe,BRK,$2210040,,,,,,,sharpda01
362,Santi Aldama,MEM,$2194200,,,,,,,aldamsa01
363,Jaxson Hayes,LAL,$2165000,,,,,,,hayesja02
364,Cam Reddish,LAL,$2165000,,,,,,,reddica01
365,Oshae Brissett,BOS,$2165000,,,,,,,brissos01
366,Andrew Nembhard,IND,$2131905,,,,,,,nembhan01
367,Goga Bitadze,ORL,$2066585,,,,,,,bitadgo01
368,Luka Šamanić,UTA,$2066585,,,,,,,samanlu01
369,Colby Jones,SAC,$2019706,,,,,,,jonesco02
370,Taj Gibson,WAS,$2497336,,,,,,,gibsota01
371,Garrett Temple,TOR,$2019706,,,,,,,templga01
372,Sandro Mamukelashvili,SAS,$2019706,,,,,,,mamuksa01
373,Robin Lopez,SAC,$2019706,,,,,,,lopezro01
374,JaVale McGee,SAC,$4368030,,,,,,,mcgeeja01
375,Alex Len,SAC,$2019706,,,,,,,lenal01
376,Dalano Banton,POR,$2019706,,,,,,,bantoda01
377,Bol Bol,PHO,$2019706,,,,,,,bolbo01
378,Montrezl Harrell,PHI,$2019706,,,,,,,harremo01
379,Cameron Payne,PHI,$8519706,,,,,,,payneca01
380,Kelly Oubre Jr.,PHI,$2019706,,,,,,,oubreke01
381,Mo Bamba,PHI,$2019706,,,,,,,bambamo01
382,Dylan Windler,NYK,$2019706,,,,,,,windldy01
383,Cody Zeller,NOP,$2019706,,,,,,,zelleco01
384,Thanasis Antetokounmpo,MIL,$2019706,,,,,,,antetth01
385,Patrick Beverley,MIL,$2019706,,,,,,,beverpa01
386,Jae Crowder,MIL,$2019706,,,,,,,crowdja01
387,Malik Beasley,MIL,$2019706,,,,,,,beaslma01
388,Chimezie Metu,MEM,$2019706,,,,,,,metuch01
389,Lamar Stevens,MEM,$2419706,,,,,,,stevela01
390,Cory Joseph,IND,$2019706,,,,,,,josepco01
391,Reggie Bullock,HOU,$13033786,,,,,,,bullore01
392,Dario Šarić,GSW,$2019706,,,,,,,saricda01
393,Ryan Arcidiacono,DET,$2019706,,,,,,,arcidry01
394,DeAndre Jordan,DEN,$2019706,,,,,,,jordade01
395,Justin Holiday,DEN,$2019706,,,,,,,holidju01
396,Markieff Morris,DAL,$2019706,,,,,,,morrima02
397,Derrick Jones Jr.,DAL,$5379706,,,,,,,jonesde02
398,Ish Smith,CHO,$2019706,,,,,,,smithis01
399,Frank Ntilikina,CHO,$2019706,,,,,,,ntilila01
400,Terry Taylor,CHI,$2019706,,,,,,,taylote01
401,Harry Giles,BRK,$2019706,,,,,,,gilesha01
402,Lonnie Walker IV,BRK,$2019706,,,,,,,walkelo01
403,Dennis Smith Jr.,BRK,$2019706,,,,,,,smithde03
404,Wesley Matthews,ATL,$2019706,,,,,,,matthwe02
405,Moses Brown,POR,$2019706,,,,,,,brownmo01
406,Boban Marjanović,HOU,$2019706,,,,,,,marjabo01
407,Aaron Holiday,HOU,$2019706,,,,,,,holidaa01
408,Tristan Thompson,CLE,$2019706,,,,,,,thomptr01
409,Trendon Watford,BRK,$2019706,,,,,,,watfotr01
410,Svi Mykhailiuk,BOS,$2019706,,,,,,,mykhasv01
411,Caleb Houstan,ORL,$2000000,,,,,,,houstca01
412,Jaylin Williams,OKC,$2000000,,,,,,,willija07
413,Garrison Mathews,ATL,$2000000,,,,,,,mathega01
414,Sam Merrill,CLE,$1997238,,,,,,,merrisa01
415,Anthony Gill,WAS,$1997238,,,,,,,gillan01
416,Isaiah Joe,OKC,$1997238,,,,,,,joeis01
417,GG Jackson II,MEM,$1991428,,,,,,,jacksgg01
418,KJ Martin,PHI,$1930681,,,,,,,martike04
419,Naji Marshall,NOP,$1930681,,,,,,,marshna01
420,Xavier Tillman Sr.,BOS,$1930681,,,,,,,tillmxa01
421,Sam Hauser,BOS,$1927896,,,,,,,hausesa01
422,Jordan Goodwin,BRK,$1927896,,,,,,,goodwjo01
423,Kessler Edwards,SAC,$1927896,,,,,,,edwarke02
424,Ish Wainright,POR,$1927896,,,,,,,wainris01
425,Jericho Sims,NYK,$1927896,,,,,,,simsje01
426,Haywood Highsmith,MIA,$1902137,,,,,,,highsha01
427,A.J. Green,MIL,$1901769,,,,,,,greenaj01
428,Jeremiah Robinson-Earl,HOU,,,,,,,,robinje02
429,Kevin Knox,UTA,$1845593,,,,,,,knoxke01
430,Miles McBride,NYK,$1836096,,,,,,,mcbrimi01
431,Isaiah Livers,WAS,$1836096,,,,,,,liveris01
432,Isaiah Todd,MEM,$1836096,,,,,,,toddis01
433,Brandon Boston Jr.,LAC,$1836096,,,,,,,bostobr01
434,Aaron Wiggins,OKC,$1836096,,,,,,,wiggiaa01
435,Jose Alvarado,NOP,$1836096,,,,,,,alvarjo01
436,JT Thor,CHO,$1836096,,,,,,,thorjt01
437,E.J. Liddell,NOP,$1801769,,,,,,,liddeej01
438,Dru Smith,MIA,$1801769,,,,,,,smithdr01
439,Orlando Robinson,MIA,$1801769,,,,,,,robinor01
440,Leonard Miller,MIN,$1800000,,,,,,,millele01
441,Skylar Mays,POR,$1799163,,,,,,,mayssk01
442,Joshua Primo,LAC,$6105941,,,,,,,primojo01
443,Daniel Theis,LAC,$8670002,,,,,,,theisda01
444,Kennedy Chandler,MEM,$1719864,,,,,,,chandke01
445,Ryan Rollins,WAS,$1719864,,,,,,,rolliry01
446,Jaden Hardy,DAL,$1719864,,,,,,,hardyja02
447,Xavier Cooks,WAS,$1719864,,,,,,,cooksxa01
448,Christian Koloko,TOR,$1719864,,,,,,,kolokch01
449,Jabari Walker,POR,$1719864,,,,,,,walkeja01
450,Josh Minott,MIN,$1719864,,,,,,,minotjo01
451,Kenneth Lofton Jr.,MEM,,,,,,,,loftoke01
452,Max Christie,LAL,$1719864,,,,,,,chrisma02
453,Bryce McGowens,CHO,$1719864,,,,,,,mcgowbr01
454,Jalen Pickett,DEN,$1708143,,,,,,,pickeja02
455,Julian Phillips,CHI,$1600000,,,,,,,phillju01
456,Spencer Dinwiddie,LAL,$21911797,,,,,,,dinwisp01
457,Eric Bledsoe,POR,$1300000,,,,,,,bledser01
458,Sidy Cissoko,SAS,$1119563,,,,,,,cissosi01
459,Hunter Tyson,DEN,$1119563,,,,,,,tysonhu01
460,Jordan Walsh,BOS,$1119563,,,,,,,walshjo01
461,Rayan Rupert,POR,$1119563,,,,,,,ruperra01
462,Chris Livingston,MIL,$1119563,,,,,,,livinch01
463,Maxwell Lewis,LAL,$1119563,,,,,,,lewisma05
464,Trayce Jackson-Davis,GSW,$1119563,,,,,,,jackstr02
465,Mouhamed Gueye,ATL,$1119563,,,,,,,gueyemo02
466,Toumani Camara,POR,$1119563,,,,,,,camarto01
467,Andre Jackson Jr.,MIL,$1119563,,,,,,,jacksan01
468,Gui Santos,GSW,$1029483,,,,,,,santogu01
469,DaQuan Jeffries,NYK,$831385,,,,,,,jeffrda01
470,James Johnson,IND,$777703,,,,,,,johnsja01
471,Lindy Waters III,OKC,$766095,,,,,,,waterli01
472,Bismack Biyombo,OKC,$5754488,,,,,,,biyombi01
473,Nik Stauskas,IND,$702311,,,,,,,stausni01
474,Keon Ellis,SAC,$683430,,,,,,,elliske01
475,Jack White,OKC,$600000,,,,,,,whiteja03
476,Juwan Morgan,IND,$576230,,,,,,,morgaju01
477,Filip Petrušev,SAC,$559782,,,,,,,petrufi01
478,Malik Fitts,IND,$555217,,,,,,,fittsma01
479,Taj Gibson,NYK,$2497336,,,,,,,gibsota01
480,Lamar Stevens,SAS,$2419706,,,,,,,stevela01
481,Juan Toscano-Anderson,SAC,$439581,,,,,,,toscaju01
482,Nerlens Noel,SAC,$300000,,,,,,,noelne01
483,Didi Louzada,POR,$268032,,,,,,,louzama01
484,Neemias Queta,SAC,$250000,,,,,,,quetane01
485,Danny Green,PHI,$200000,,,,,,,greenda02
486,James Johnson,IND,$777703,,,,,,,johnsja01
487,James Johnson,IND,$777703,,,,,,,johnsja01
488,Taj Gibson,NYK,$2497336,,,,,,,gibsota01
489,Taj Gibson,NYK,$2497336,,,,,,,gibsota01
490,Zhaire Smith,CLE,$139290,,,,,,,smithzh01
491,Juan Toscano-Anderson,SAC,$439581,,,,,,,toscaju01
492,Jaylen Nowell,MEM,,,,,,,,nowelja01
493,Jaylen Nowell,MEM,,,,,,,,nowelja01
494,Hamidou Diallo,WAS,$116075,,,,,,,diallha01
495,Malcolm Hill,NOP,,,,,,,,hillma01
496,Jordan Goodwin,MEM,$1927896,,,,,,,goodwjo01
497,Ashton Hagans,POR,$103550,,,,,,,haganas01
498,Demetrius Jackson,BOS,$92857,,,,,,,jacksde01
499,Tosan Evbuomwan,DET,$135120,,,,,,,evbuoto01
500,Trey Jemison,WAS,,,,,,,,jemistr01
501,Mouhamadou Gueye,TOR,,,,,,,,gueyemo01
502,Taze Moore,POR,$64343,,,,,,,mooreta02
503,Tosan Evbuomwan,MEM,$135120,,,,,,,evbuoto01
504,Trey Jemison,MEM,,,,,,,,jemistr01
505,Matthew Hurt,MEM,,,,,,,,hurtma01
506,Pete Nance,CLE,$64343,,,,,,,nancepe01
